en,zh-tw,zh-cn,zh-hk,", 'zh-cn",zh-mo,zh-my,zh-sg
AI,人工智慧,人工智能,人工智能,,,,人工智慧
access,存取,访问,存取,,存取,,
access control list,存取控制列表,访问控制表,,,,访问控制表,访问控制表
access Multiplexer,接取多工器,接入复用器,,,,,
access Point,存取點,接入点,,,,,
account,帳戶,账户,賬戶,,,,
activation,啟用,激活,,,,,
activation function,啟用功能,激活函数,,,,,
adapter,配接器,适配器,,,,,
add-on,附加元件,附加组件,,,,,
address,位址,地址,地址,,,,
address bar,網址列,地址栏,地址列,,,,
addressing,定址,寻址,定址,,,,
addressing modes,定址模式,寻址模式,定址模式,,,,
advanced,進階,高级,,,,,
advertising area,廣告區,广告位,,,,,
agent-oriented programming,代理人導向程式設計,面向代理编程,,,,,
album (online),相簿,相册,,,,,
algorithm,演算法,算法,,,,,
allocation unit,單位配置,分配单元,,,,,
analog,類比,模拟,模擬,,,,
analog broadcasting,類比廣播,模拟广播,模擬廣播,,,,
analog television,類比電視,模拟电视,模擬電視,,,,
antivirus,防毒,杀毒,,,,,
AOL,美國線上,美国在线,,,,,
application,應用程式,应用程序,,,,,
application programming interface,應用程式介面,应用程序接口,,,,,
archive,壓縮檔,压缩包,,,,,
array (RAID),陣列硬碟,阵列硬盘,,,,,阵列伺服器
array,陣列,数组,,,,,
assembler,組譯,汇编,,,,,
Assembly language,組合語言,汇编语言,匯編語言,,,,
assembly mnemonic,輔助記憶碼,助记符,,,,,
assignment operator,設定運算子,赋值运算符,設定運算子,,設定運算子,,
asynchrony,非同步,异步,非同步,,非同步,,
average bitrate,平均位元速率,平均码率,,,,,
audio,音訊,音频,音頻,,,,
audio track,音訊軌,音频轨,音頻軌,,,,
audio input,音訊輸入,音频输入,音頻輸入,,,,
audio output,音訊輸出,音频输出,音頻輸出,,,,
audio file,音訊檔,音频档,音頻檔,,,,
audio profiles,音訊設定檔,情景模式,,,,,
audit,稽核,审核,,,,,
augmented reality,擴增實境,增强现实,擴張實境,,,,
back chaining,反鏈結,反链接,,,,,
background traffic,背景流量,后台流量,,,,,
backward compatible,向下相容,,向下相容,,向下相容,,
bad sector,壞軌,坏道,,,,,
band width,頻寬,带宽,,,,,
base class,基礎類別,基类,,,,,
base name,主檔名,文件主名,,,,,
base type,基本類型,基类型,,,,,
baseband,基頻,基带,基帶,,,,
batch,批次處理,批处理,,,,,
batch file,批次檔,批处理文件,,,,,
batch programs,批次程式,批处理程序,,,,,
Berkeley Software Distribution,柏克萊軟體套件,伯克利软件套件,柏克萊軟件套件,,,,
big data,巨量資料,大数据,大數據,,,,
Bill Gates,蓋茲,盖茨,蓋茨,,,,
binary,二元,,二元,,二元,,
binary function,二元函數,双参函数,,,,,
binary heap,二元堆積,二叉堆,二叉堆積,,,,
binary linked list,二元連結串列,二叉链表,二元連結串列,,二元連結串列,,
binary search tree,二元搜尋樹,二叉搜索树,二叉搜尋樹,,二叉搜尋樹,,
binary tree,二元樹,二叉树,二叉樹,,,,
binding,繫結,绑定,,,,,
bit,位元,比特,位元,,位元,位元,位元
bit (4-bit),4位元,4位,,,,,
bit (8-bit),8位元,8位,,,,,
bit (12-bit),12位元,12位,,,,,
bit (16-bit),16位元,16位,,,,,
bit (18-bit),18位元,18位,,,,,
bit (24-bit),24位元,24位,,,,,
bit (31-bit),31位元,31位,,,,,
bit (32-bit),32位元,32位,,,,,
bit (36-bit),36位元,36位,,,,,
bit (48-bit),48位元,48位,,,,,
bit (60-bit),60位元,60位,,,,,
bit (64-bit),64位元,64位,,,,,
bit (80-bit),80位元,80位,,,,,
bit (128-bit),128位元,128位,,,,,
bit error rate,位元錯誤率,比特误码率,位元錯誤率,,位元錯誤率,,
bit field,位元欄,位段,,,,,
bit pattern,位元型樣,位模式,,,,位模式,位模式
bit string,位元串,位串,,,,,
Bitmap,點陣圖,位图,,,,,
bitrate,位元速率,比特率,位元速率,,位元速率,,
bitwise,按位元,按位,,,,,
bitwise operation,位元運算,位操作,位元運算,,位元運算,位操作,位操作
black box testing,黑箱測試,黑盒测试,,,,,
Blade Server,刀鋒伺服器,刀片服务器,,,,,
blank screen,黑畫面,黑屏,,,,,
block,完全屏蔽,完全屏蔽,,,,,
block (Unicode),,区块,,,,区块,区块
block chaining,區塊鏈結,区块链接,,,,,
block cipher,區塊加密法,分组密码,,,,,
block diagram,方塊圖,框图,,,,,
blog,部落格,博客,網誌,,,,部落格
Blue Screen of Death,藍白當機,蓝屏死机,藍畫面死機,,,,
boot,啟動,引导,開機,,,,
boot disk,啟動磁碟,启动盘,,,,,
boot loader,啟動載入程式,启动引导程序,,,,,
bottom-up,由下而上,自底向上,,,,,
Boyce-Codd normal form,BC正規形式,BC范式,,,,,
brain-machine interface,人機介面,脑机接口,,,,,
Broadband,寬頻,宽带,,,,,
Bubble sort,泡沫排序,冒泡排序,,,,,
buffer,緩衝區,缓冲器,,,,,
buffer overflow,緩衝區溢位,缓存溢出,,,,,
bug,錯誤,,錯誤,,錯誤,,
build-in,內建,内置,,,,,
Built-in,內建,,內建,,內建,,
burn,燒錄,刻录,,,,,
Business Model,商業模式,商业模型,,,,,
Bus,匯流排,总线,匯流排,,,,
byte,位元組,字节,位元組,,位元組,,
boolean,布林,布尔,,,,,
boolean algebra,布林運算,布尔逻辑,,,,,
Boot Camp,啟動切換,启动转换,開機切換,,,,
cache,快取,缓存,快取,,,,
cache memory,高速緩衝記憶體,高速缓冲存储器,高速緩衝記憶體,,高速緩衝記憶體,,
cached webpage,頁庫存檔,网页快照,,,,,
calculator,計算機,计算器,計數機,,計數機,,
calendar,,日历,,,,日历,日历
calendar program,行事曆程式,日历程序,,,,,
call,呼叫,调用,,,,,
Call Level Interface (CLI),呼叫層級介面,调用层接口,,,,,
callback,回呼,回调,,,,,
camcorder,攝錄影機,摄像机,攝像放像機,,,,
camera phone,照相手機,照相手机,相機手機,,,,
campus network,校園網路,校园网,校園網絡,,校園網絡,,
capture,擷取,,擷取,,擷取,,
card reader,讀卡機,读卡器,讀卡器,,,,
carriage return character,回車字元,回车符,,,,,
CDN,內容傳遞網路,内容分发网络,,,,,
Cell,儲存格,单元格,,,,,
Cellular data,蜂巢式資料,蜂窝数据,蜂巢式數據,,,,
Cellular network,蜂巢式網路,蜂窝网络,蜂巢式網絡,,,,
certificate,憑證,证书,證書,,,,
chain,,链,,,,链,链
chaining,,链接,,,,链接,链接
chaining backward,鏈結反向,链接反向,,,,,
chaining forward,鏈結正向,链接正向,,,,,
chaining of commands,命令鏈結,命令链接,,,,,
chaining search,鏈結搜尋,链接搜索,,,,,
channel,管道,,,,,,
character,字元,字符,,,,,
character generator,字元產生器,字符生成器,,,,,
character printer,字元列印機,字符打印机,,,,,
check bit,核對位元,检验位,,,,,
check button,核取按鈕,复选按钮,,,,,
checkbox,核取方塊,复选框,,,,,
checksum,核對和,检验和,,,,,
Chief Executive Officer (CEO),執行長,首席执行官,行政總裁,,,,
Chief Information Officer (CIO),資訊長,首席信息官,資訊總監,,,,
Chief Operating Officer (COO),營運長,首席运营官,營運總監,,,,
Chief Technology Officer (CTO),技術長,首席技术官,,,,,
child class,,子类,,,,子类,子类
chip,晶片,芯片,,,,,
class constructor,類別的建構函數,类的构造函数,,,,类的构造函数,类的构造函数
class declaration,類別宣告,类声明,,,,,
class definition,類別定義,类定义,,,,,
class destructor,類別的破壞函數,类的析构函数,,,,类的析构函数,类的析构函数
class instance,類別實例,类实例,,,,,
class library,類別館,类库,,,,,
class member,類別成員,类成员,,,,,
class method,類別方法,类方法,,,,,
class of C++,C++的類別,C++的类,,,,,
class of Java,Java的類別,Java的类,,,,,
class template,類別模板,类模板,,,,,
class variable,類別變數,类变量,,,,,
class-based,類別為基,基于类,,,,,
class-based programming,類別為基的程式設計,基于类的编程,,,,,
class-orientation,類別導向,面向类,,,,,
classloader,類別載入器,类加载器,,,,,
client,,客户端,,,,客户端,客户端
clipboard,剪貼簿,剪贴板,,,,,
clock rate,時脈速率,时钟频率,,,,时钟频率,时钟频率
cloud computing,雲端運算,云计算,,,,,
cloud computing storage,雲端儲存,云存储,,,,,
cluster,叢集,聚类,,,,聚类,聚类
code,,代码,,,,代码,代码
code generator,碼產生器,代码生成器,,,,,
code page,頁碼,,頁碼,,頁碼,,
collaboration,協同運作,协作,,,,,
color monitor,彩色螢幕,,彩色熒幕,,彩色熒幕,,
combobox,組合方塊,组合框,,,,,
command line,,命令行,,,,命令行,命令行
communication,,通信,,,,通信,通信
Communicating sequential processes,交談循序程式,通信顺序进程,,,,,
community,社群,社区,,,,,
compact disc,光碟,光盘,,,,光盘,光盘
Compact Disc Driver,光碟機,光盘驱动器,,,,,
compatible,相容,兼容,相容,,相容,,
complement,,补码,補碼,,補碼,补码,补码
complexity class,複雜度類別,复杂度类,,,,,
component,,组件,,,,组件,组件
computer,電腦,电子计算机,電腦,,電腦,电脑,电脑
computer architecture,電腦架構,计算机体系结构,,,,,
computer programming,程式設計,程序设计,,,,,
computer science,電腦科學,计算机科学,,,,,电脑科学
computer terminal,,终端,,,,终端,终端
concurrency,並行,并发,,,,,
concurrent computing,並行計算,并发计算,,,,,
concurrency-oriented,平行導向,面向并发,,,,,
configure/configuration,組態,配置,,,,,
configuration files,組態檔,配置文件,,,,,
constant,常數,常量,,,,,
constant bitrate,固定位元速率,固定码率,,,,,
constructor,建構函式,构造函数,,,,构造函数,构造函数
contact,聯絡人,联系人,,,,联络,联系
content-addressable memory,可定址內容記憶體,结合存储,,,,,
context switch,上下文交換,上下文切换,,,,,
Continuity,接續互通,连续互通,,,,,
control,控制項,控件,,,,,
convert,,转换,,,,转换,转换
copper clad laminate,銅箔基板,覆铜板,,,,,
copyright,著作權,著作权,版權,,著作權,著作权,著作权
copyright information,著作權資訊,著作权信息,,,著作權資訊,著作权信息,著作权信息
cost-effective,CP值,性价比,性價比,,,,
cracker,劊客,溃客,潰客,,,,
crash,當機,死机,,,,,
create,建立,创建,建立,,建立,,
CRT,映像管,显像管,顯像管,,,,
current version,目前版本,当前版本,,,,,
cursor,游標,光标,,,,,
custom,自訂,自定义,自訂,,自訂,,
customization,客製化,定制,,,,,
cut,剪下,剪切,,,,,
cyberbullying,網路霸凌,网络欺凌,網上欺凌,,,,
daemon,守護行程,守护进程,,,,,
daisy chaining,菊式鏈結,菊花链接,,,,,
data,資料,,數據,,,,
database,資料庫,数据库,數據庫,,,,
data center,資料中心,数据中心,,,,,
data chaining,資料鏈結,数据链接,,,,,
data cleansing,資料淨化,数据清洗,,,,,
data dredging,資料挖掘,数据捕捞,數據捕撈,,,,
data execution protection,系統記憶體保護,数据执行保护,數據執行保護,,,,
data frame,資料框,数据帧,數據幀,,,,
data mart,資料市集,数据集市,數據市集,,,,
data mining,資料探勘,数据挖掘,數據探勘,,,,
data packet,封包,数据包,,,,数据包,数据包
data source,資料來源,数据源,數據源,,,,
data warehouse,資料倉儲,数据仓库,數據倉庫,,,,
datagram,資料報,数据报文,,,,,
deadlock,死結,死锁,,,,,
debug,除錯,调试,除錯,,除錯,调试,调试
declaration,宣告,,宣告,,宣告,,
decode,解碼,,,,,,
default,預設,默认,預設,,預設,,
definition,解析度,,,,,,
defragmentation program,磁碟重組工具,磁盘碎片整理程序,,,,,
defragmentation,磁碟重組,磁盘碎片整理,,,,,
denial-of-service (DoS),阻斷服務,拒绝服务,,,,,
denormalization,解除規格化,反规范化,,,,,
dependent type,依存型別,依存类型,,,,,
derivation list,衍化列,继承列表,,,,,
derive,衍生,派生,,,,,
derived class,衍生類別,派生类,,,,,
derived type,衍生類型,派生类型,,,,,
desktop,桌上型,桌面型,,,,,
desktop computer,桌上型電腦,台式机,桌上電腦,,桌上電腦,台式机,台式机
desktop version,電腦版,,電腦版,,電腦版,,
destruct,解構,析构,,,,,
destructor,解構函式,析构函数,,,,析构函数,析构函数
device,裝置,设备,裝置,,裝置,设备,设备
dialog box,對話方塊,对话框,,,,,
digital,數位化,数字化,數碼化,,數碼,数码化,数字
digitalisation,數位化,数字化,數碼化,,,,
digital asset,數位資產,数字资产,數碼資產,,,,
digital broadcasting,數位廣播,数字广播,數碼廣播,,,,
digital camera,數位相機,数字相机,數碼相機,,,数码相机,
digital certificates,數位憑證,数字证书,數碼證書,,,,
digital distribution,數位發行,数字发行,數碼發行,,,,
digital identity,數位身分,数字身份,數碼身份,,,,
digital mapping,數位製圖,数字测图,數碼製圖,,,,
digital mobile,數位行動,数字移动,數碼流動,,,,
digital mode,數位模式,数字模式,數碼模式,,,,
digital photo,數位相片,数字照片,數碼相片,,,,
digital right,數位版權,数字版权,數碼版權,,,,
digital signature,數位簽章,数字签名,數碼簽章,,,,
digital television,數位電視,数字电视,數碼電視,,,,
digital terrestrial television,數位無線電視,数字地面电视,數碼地面電視,,,,
digital video,監視,监控,監視,,視像,视频,视频
digital watermarking,數位浮水印,数字水印,數碼水印,,,,
disk,磁碟,磁盘,,,,,
display device,顯示器,,顯示器,,顯示器,,
distributed,分散式,分布式,,,,,
document,文件,,文件,,文件,,
document file,文件檔案,文档文件,,,,文档文件,文档文件
document-oriented,文件導向,面向文档,,,,,
document object model (DOM),文件物件模型,文档对象模型,,,,,
do Not Track,停止追蹤,请勿追踪,,,,,
domain-key normal form,DK規格化,DK范式,,,,,
drive,磁碟機,磁盘驱动器,,,,,
drive - A drive,本機磁碟(A),A盘,A磁碟機,,,,
drive - B drive,本機磁碟(B),B盘,B磁碟機,,,,
drive - C drive,本機磁碟(C),C盘,C磁碟機,,,,
drive - D drive,本機磁碟(D),D盘,D磁碟機,,,,
drive - E drive,本機磁碟(E),E盘,E磁碟機,,,,
drive - F drive,本機磁碟(F),F盘,F磁碟機,,,,
drive - G drive,本機磁碟(G),G盘,G磁碟機,,,,
drive - H drive,本機磁碟(H),H盘,H磁碟機,,,,
drive - I drive,本機磁碟(I),I盘,I磁碟機,,,,
drive - J drive,本機磁碟(J),J盘,J磁碟機,,,,
drive - K drive,本機磁碟(K),K盘,K磁碟機,,,,
drive - L drive,本機磁碟(L),L盘,L磁碟機,,,,
drive - M drive,本機磁碟(M),M盘,M磁碟機,,,,
drive - N drive,本機磁碟(N),N盘,N磁碟機,,,,
drive - O drive,本機磁碟(O),O盘,O磁碟機,,,,
drive - P drive,本機磁碟(P),P盘,P磁碟機,,,,
drive - Q drive,本機磁碟(Q),Q盘,Q磁碟機,,,,
drive - R drive,本機磁碟(R),R盘,R磁碟機,,,,
drive - S drive,本機磁碟(S),S盘,S磁碟機,,,,
drive - T drive,本機磁碟(T),T盘,T磁碟機,,,,
drive - U drive,USB磁碟機,U盘,U磁碟機,,U磁碟機,U盘,U盘
drive - V drive,本機磁碟(V),V盘,V磁碟機,,,,
drive - W drive,本機磁碟(W),W盘,W磁碟機,,,,
drive - X drive,本機磁碟(X),X盘,X磁碟機,,,,
drive - Y drive,本機磁碟(Y),Y盘,Y磁碟機,,,,
drive - Z drive,本機磁碟(Z),Z盘,Z磁碟機,,,,
drive - system drive,系統磁碟,系统盘,系統磁碟機,,,,
drive letter,磁碟機代號,盘符,,,,,
driver,驅動程式,驱动程序,,,,,
drop-down menu,下拉式選單,下拉菜单,,,,,
Dual-link,雙連結,双通道,,,,,
duck typing,鴨子型別,鸭子类型,,,,,
dynamic binding,動態繫結,动态绑定,,,,,
dynamic typing,動態型別,动态类型,,,,,
digital media,數位媒體,数字媒体,數碼媒體,,,,
edit bar,編輯列,编辑栏,,,,,
email,電子郵件,电子邮件,,,,电邮,电邮
email (mailbox),電子信箱,邮箱,郵箱,,,,
enclosed,圍繞,,圍繞,,圍繞,,
enclosed character,圍繞字元,带圈字符,,,,,
end user,終端使用者,最终用户,,,,,
end-user license agreements,終端使用者授權協定,最终用户许可协议,,,,,
enter,Enter,,Enter,,Enter,,
enter key,確認鍵,回车键,確認鍵,,確認鍵,回车键,回车键
enumeration,列舉,枚举,,,,,
enumerators,列舉元,枚举成员,,,,,
escape,跳脫,转义,,,,,
Ethernet,乙太網路,以太网,,,,,
EULA,終端使用者授權合約,最终用户许可协议,,,,,
Exabyte,艾位元組,艾字节,,,,,
exception handling,例外處理,异常处理,,,,,
exclusive or,互斥或,异或,異或,,,,
executable file,可執行檔,可执行文件,,,,可执行文件,可执行文件
exit/quit application,結束應用程式,退出应用程序,結束應用程序,,,,
expand,擴充,扩展,,,,,
export,匯出,导出,,,,,
expression,,表达式,,,,表达式,表达式
extended block,擴充區,扩展区,擴充區,,擴充區,扩展区,扩展区
extended Chinese character,擴充漢字,扩展汉字,擴充漢字,,擴充漢字,扩展汉字,扩展汉字
extensible,可延伸,可扩展,,,,,
extensible business reporting language,可延伸商用報告語言,可扩展商业报告语言,,,,,
extensible firmware interface,可延伸韌體介面,可扩展固件接口,,,,,
extensible markup language,可延伸標示語言,可扩展置标语言,,,,,
extension name,副檔名,扩展名,,,,,
extension,,扩展,,,,扩展,扩展
extension A,擴充A區,扩展A区,擴充A區,,擴充A區,扩展A区,扩展A区
extension B,擴充B區,扩展B区,擴充B區,,擴充B區,扩展B区,扩展B区
extension C,擴充C區,扩展C区,擴充C區,,擴充C區,扩展C区,扩展C区
extension D,擴充D區,扩展D区,擴充D區,,擴充D區,扩展D区,扩展D区
extension E,擴充E區,扩展E区,擴充E區,,擴充E區,扩展E区,扩展E区
extension F,擴充F區,扩展F区,擴充F區,,擴充F區,扩展F区,扩展F区
extension G,擴充G區,扩展G区,擴充G區,,擴充G區,扩展G区,扩展G区
external hard drive,外接硬碟,外置硬盘,,,,,
external link,外部連結,,外部連結,,外部連結,,
enterprise mobility management,企業行動管理,企业移动管理,,,,,
Facebook,臉書,脸谱,Facebook,,Facebook,脸书,面簿
facial recognition,臉部辨識,人脸识别,人面辨識,,人面辨識,,
fairchild semiconductor,快捷半導體,飞兆半导体,,,,,
feature phone,功能型手機,功能手机,功能電話,,,,
feedback,回饋,反馈,反饋,,,,
fiber distributed data interface,光纖分散式資料介面,光纤分布式数据接口,光纖分散式數據介面,,,,
field,欄位,字段,,,,,
fifth normal form,第五規格化,第五范式,,,,,
file,檔案,文件,,,,文件,文件
File namespace,檔案命名空間,文件名字空间,,,,,
filename,檔案名字,文件名字,檔案名稱,,檔案名稱,,
filename extension,副檔名,扩展名,,,,,
film streaming,影片串流,影片流,,,,,
find,尋找,查找,,,,,
firmware,韌體,固件,,,,,
first normal form,第一規格化,第一范式,,,,,
flash memory,快閃記憶體,闪存,,,,,
flight mode,飛航模式,飞行模式,,,,,
floppy disk,軟碟,软盘,,,,,
floppy disk drive,軟碟機,软盘驱动器,,,,,
folder,資料夾,文件夹,,,,,
font,字型,字体,,,,,
footer,頁尾,页脚,,,,,
footnote,章節附註,尾注,,,,,
foreign key,外來鍵,外键,,,,,
form,表單,窗体,,,,,
forward chaining,正向鏈結,前向链接,,,,,
forward error correction,正向錯誤校正,前向纠错,,,,,
fourth normal form,第四規格化,第四范式,,,,,
frame,影格,帧,幀,,幀,帧,帧
frame rate,影格率,帧率,幀率,,幀率,帧率,帧率
frame pointer,影格指標,帧指针,框指標,,,,
frame synchronization,影格同步化,帧同步,框同步化,,,,
forum,論壇,论坛,討論區,,,,
full screen,全螢幕,全屏,全屏幕,,全屏幕,,
full-size smartphone,全螢幕手機,全面屏手机,全屏幕手機,,,,
fullwidth,全形,全角,,,,,
function,函式,函数,函數,,,,
functional programming,函式語言程式設計,函数式编程,,,,,
functional programming language,函式程式語言,函数编程语言,,,,函数编程语言,函数编程语言
full high definition (full HD),超高畫質,,,,,,
garbage,多餘的資料,,多餘的資料,,多餘的資料,,
gateway,閘道器,网关,,,,网关,网关
"Gateway, Inc.",桀威,捷威,,,,,
get,取得,获取,,,,,
gigabit ethernet,十億位元乙太網路,吉比特以太网,,,,,
Gigabyte,吉位元組,吉字节,,,,,
global,全域,全局,,,,,
Global System for Mobile Communications Association,全球行動通訊系統協會,全球移动通信系统协会,全球流動通訊系統協會,,,,
Google,Google,,Google,,Google,Google,Google
Google Cloud Messaging,Google雲端通訊,Google云消息传递,Google雲端通訊,,Google雲端通訊,,
Google Chrome Frame,Google Chrome內嵌瀏覽框,谷歌浏览器内嵌框架,,,,,
Google Docs,Google 文件,Google 文档,,,,,
Google Toolbar,Google 工具列,Google 工具条,,,,,
Google Video,Google 影片,Google 视频,,,,,
graphics,圖學,图形学,圖學,,圖學,图形学,图形学
graphics processing unit,圖形處理器,图形处理器,,,,,
graphing calculator,繪圖計算機,图形计算器,,,,,
greedy algorithm,貪婪法,贪心法,貪婪法,,貪婪法,贪心算法,贪心算法
gridlines,格線,网格线,,,,,
group,群組,组群,,,,,
group notice,群組提示,组提示,,,,,
GSM mobile,GSM行動,GSM移动,GSM流動,,,,
GUI,圖形化使用者介面,图形用户界面,,,,,
GUID Partition Table,GUID磁碟分割表,全局唯一标识分区表,,,,,
hacker,駭客,黑客,黑客,,,,
halfwidth,半形,半角,,,,,
handler,處理常式,处理函数,,,,,
handle,控制代碼,句柄,,,,,
hard disk,硬碟,硬盘,,,,,
hard disk drive (HDD),硬碟機,硬盘驱动器,,,,,
hard-coded,寫死,硬编码,,,,,
hardware,硬體,硬件,硬件,,,,
hash,雜湊,散列,雜湊,,雜湊,,
HDMI,高畫質多媒體介面,高清多媒体界面,高清多媒體介面,,,,
head crash,磁頭損壞,磁头划碰,,,,,
header,頁首,页眉,,,,,
header file,標頭檔,头文件,,,,头文件,头文件
heapsort,堆積排序,堆排序,,,,,
hearts,傷心小棧,红心大战,,,,,
Help and Support,說明與支援,帮助与支持,,,,,
help document,說明文件,帮助文档,,,,,
Hierarchical View,多層次樹狀介面,分层树形视图,,,,,
hierarchy,階層,层次结构,,,,,
high definition (HD),高解析,高清晰,高清晰,,,,
high fidelity (Hi-Fi),,高保真,高傳真,,高傳真,高保真,高保真
high-resolution audio,高音質音訊,高清音频,高清音頻,,,,
high-resolution sound quality,高音質,高清音质,高清音質,,,,
high-level language,高階語言,高级语言,高階語言,,高階語言,高级语言,高级语言
high-level programming language,高階程式語言,高级编程语言,高階程式語言,,高階程式語言,,
high-level/high-end/highend,高階,高端,高階,,高階,高端,高端
highlight,突出顯示,,突出顯示,,突出顯示,,
holographic,全像,全息,,,,,
home,,家庭,,,,家庭,家庭
home address,,家庭地址,,,,家庭地址,家庭地址
hosting,代管,托管,寄存,,寄存,,
hook,勾點,钩子,,,,,
HyperText Markup Language,超文件標示語言,超文本置标语言,,,,,
icon,圖示,图标,,,,,
Integrated Development Environment (IDE),整合式開發環境,集成开发环境,,,,,
Integrated Device Electronics (IDE),整合裝置電路,集成设备电路,,,,,
ID,身分,身份,身份,,,,
identifier,識別碼,标识符,,,,,
if and only if,若且唯若,当且仅当,,,,,
image,,镜像,,,,镜像,镜像
image file,圖檔,图像文件,,,,,
image macro,梗圖,表情包,,,,,
imperative programming,指令式程式設計,命令式编程,,,,,
implement,,实现,,,,实现,实现
import,匯入,导入,匯入,,匯入,导入,导入
Incognito mode,無痕模式,隐身模式,,,,,
indent,縮排,缩进,,,,,
info (information),資訊,信息,,,,,
information age,資訊時代,信息时代,資訊年代,,,,
Information and Communication Technology,資訊及通訊科技,信息及通信技术,,,,,
Information Engagement,資訊參與,信息接触,,,,,
Information industry,資訊工業,信息产业,,,,,
Information Management,資訊管理,信息管理,,,,,
Information overload,資訊超載,信息过载,,,,,
Information Science,資訊學,信息学,資訊科學,,,,
information security,資訊安全,信息安全,,,,信息安全,信息安全
Information Technology,資訊科技,信息技术,,,,,
injection,,注入,,,,注入,注入
inline,行內,内联,,,,,
Intranet,內部網路,内部网,內聯網,,,,
installation package,安裝套件,安装包,,,,,
instance method,,实例方法,,,,实例方法,实例方法
integrate,整合,集成,,,,,
integrated circuit,積體電路,集成电路,集成電路,,,,
intellectual property,智慧財產權,知识产权,知識產權,,,,
intellectualize,智慧化,智能化,智能化,,,,
intelligence,智慧型,,,,,智慧型,智慧型
interacts,互動,交互,,,,,
interactive entertainment,,互动娱乐,,,,互动娱乐,互动娱乐
interface,介面,接口,,,,,
interface (frontstage),介面,,介面,,介面,,
internal link,內部連結,,內部連結,,內部連結,,
Internet,網際網路,互联网,互聯網,,互聯網,,
Internet bar,網咖,网吧,網吧,,,,
Internet culture,網路文化,,,,,,
Internet forum,網路論壇,,,,,,
Internet Content Provider (ICP),線上內容提供者,互联网内容提供商,互聯網內容供應商,,,,
Internet Service Provider (ISP),網際網路服務提供者,互联网服务提供商,互聯網服務供應商,,,,
interpreter,直譯器,解释器,,,,,
Interpreted language,直譯語言,解释型语言,,,,,
Internet Key Exchange,網際網路金鑰交換,因特网密钥交换,互聯網金鑰交換,,,,
Inter-Process Communication,行程間通訊,进程间通信,行程間通訊,,,,
Inter-Process,行程間,进程间,行程間,,,,
invoke,,调用,,,,调用,调用
Jelly Bean,雷根糖,果冻豆,啫喱豆,,,,
judge,解題系統,评测系统,,,,,
kernel,核心,,,,,,
key,金鑰,密钥,,,,,
keyboard layout,鍵盤配置,键盘布局,,,,,
keygen,序號產生器,注册机,,,,,
landscape,橫螢幕,横屏幕,橫熒幕,,橫熒幕,,
Language-Oriented Programming,語言導向程式設計,面向语言的程序设计,,,,,
language package,語言套件,语言包,,,,,
laptop/notebook computer,筆記型電腦,笔记本电脑,手提電腦,,手提電腦,笔记本电脑,笔记本电脑
laser,雷射,激光,激光,,,,镭射
LaserDisc,雷射影碟,激光视盘,鐳射影碟,,,,
launch bar,啟動列,启动栏,,,,,
library,,库,,,,库,库
link,鏈結,链接,連結,,連結,链接,链接
linked list,連結串列,链表,連結串列,,連結串列,,
livelock,活結,活锁,,,,,
load,載入,加载,載入,,載入,加载,加载
Local Area Network,區域網路,局域网,區域網絡,,,,
localization,在地化,本地化,本地化,,,,
log,紀錄檔,日志,,,,,
log in,,登录,登錄,,登錄,登录,登录
log out,,退出,退出,,退出,退出,退出
logic device,邏輯裝置,逻辑器件,,,,,
logic gate,邏輯閘,逻辑门,邏輯門,,,,
loop,迴圈,循环,,,,,
lossless,無失真,无损,,,,,
lossless compression,無失真壓縮,无损压缩,無損壓縮,,,,
lossy,,有损,,,,有损,有损
lossy compression,失真壓縮,有损压缩,,,,,
lost,遺失,丢失,,,,,
low definition,低畫質,低清,低清,,,,
low level,低階,低端,,,,,
low-level language,低階語言,低级语言,低階語言,,低階語言,低级语言,低级语言
low-level programming language,低階程式語言,低级编程语言,低階程式語言,,低階程式語言,,
machine code,機器碼,机器代码,機械碼,,機械碼,,
mailing list,郵寄清單,邮件列表,,,,,
managed code,受控代碼,托管代码,受控代碼,,受控代碼,托管代码,托管代码
macro,,宏,,,,宏,宏
macro virus,巨集病毒,宏病毒,,,,,
macroblock,大區塊,宏块,大區塊,,大區塊,宏块,宏块
main memory,主記憶體,主存,,,,,
mainframe,大型電腦,大型机,,,,,
mapping,對映,映射,,,,,
marketing,行銷,营销,,,,,
Markup Language,標記式語言,标记语言,,,,,
mask,遮罩,,遮罩,,遮罩,,
Master Boot Record,主開機紀錄,主引导记录,,,,,
media streamming,串流媒體,流媒体,,,,,
medium,媒介,介质,媒介,,媒介,,
Medium Dependent Interface,媒體相依介面,介质相关接口,,,,,
Megabyte,百萬位元組,兆字节,,,,,
memory,記憶體,存储器,記憶體,,記憶體,,
memory card,記憶卡,存储卡,,,,,
memory leak,記憶體流失,内存泄漏,,,,,
menu,選單,菜单,,,,,
merge,合併,,合併,,合併,,
message,訊息,消息,,,,,
message authentication code,訊息鑑別碼,消息认证码,,,,,
message box,訊息方塊,消息框,,,,,
message-oriented,訊息導向,面向消息,,,,,
message-oriented middleware,訊息導向中介層,面向消息的中间件,,,,,
meta-programming,超程式設計,元编程,超程式設計,,超程式設計,,
metadata,元資料,元数据,元數據,,,,
Metal Oxide Semiconductor,金氧半導體,金属氧化物半导体,,,,,
Metropolitan Area Network,都會網路,城域网,,,,,
Micro-blog,微型部落格,微博,微型博客,,,微博,微博
microcontroller,單晶片,单片机,,,,,
middleware,中介軟體,中间件,,,,,
midrange,中階,中端,,,,,
MIDP,行動資訊裝置設定檔,移动信息设备配置文件,流動資訊器材定義檔,,,,
minesweeper,踩地雷,扫雷,,,,,
mobile agent,行動代理,移动代理,流動代理,,,,
mobile app,行動應用,移动应用,流動應用,,,,
mobile broadcasting,行動廣播,移动广播,流動廣播,,,,
mobile browser,行動瀏覽器,移动浏览器,流動瀏覽器,,,,
mobile client,行動用戶端,移动客户端,流動用戶端,,,,
mobile code,行動程式碼,移动代码,流動程式碼,,,,
mobile company,行動公司,移动公司,流動公司,,,,
mobile computer,行動電腦,移动计算机,流動電腦,,,,
mobile communication,行動通訊,移动通信,流動通訊,,,,
mobile data,行動資料,移动数据,流動數據,,,,
mobile device,行動裝置,移动设备,流動裝置,,流動裝置,,
mobile Internet,行動網際網路,移动互联网,流動互聯網,,,,
Mobile Internet Device,行動網路裝置,移动联网设备,行動聯網裝置,,,,
mobile network,行動網路,移动网络,流動網絡,,,,
mobile network operator,行動網路業者,移动网络运营商,流動網絡營辦商,,,,
mobile operating system,行動作業系統,移动操作系统,流動作業系統,,,,
mobile operator,行動業者,移动运营商,流動營辦商,,,,
mobile pay,行動支付,移动支付,流動支付,,,,
mobile phone,行動電話,移动电话,流動電話,,,,
mobile platform,行動平台,移动平台,流動平台,,,,
mobile product,行動產品,移动产品,流動產品,,,,
Mobile software,行動軟體,移动软件,流動軟件,,,,
mobile telecom,行動電信,移动电信,流動電訊,,,,
Mobile telecom operator,行動電信業者,移动电信运营商,流動電訊營辦商,,,,
mobile television,行動電視,移动电视,流動電視,,,,
mobile terminal,行動端,移动端,流動端,,,,
mobile version,行動版,移动版,流動版,,,,
mobility,行動性,移动性,流動性,,,,
modem,數據機,调制解调器,,,,调制解调器,调制解调器
modifier,修飾詞,修饰符,,,,,
module,模組,模块,模組,,模組,模块,模块
monolithic kernel,單核心,宏内核,整塊性核心,,,,
most derived class,最末層衍生類別,最底层派生类,,,,,
motherboard,主機板,主板,,,,,
mouse,滑鼠,鼠标,,,,,
multi-channel network,多頻道聯播網,多频道网络,,,,,
multi-part archive,分割壓縮,分卷压缩,,,,,
multi-tasking,多工,多任务,,,,,
multiagent system,多代理系統,多主体系统,,,,,
multihoming,內送流量備援容錯機制,多宿主,,,,,
Multimedia Messaging Service,多媒體簡訊,彩信,多媒體短訊,,,多媒体短讯,多媒体简讯
multithreading,,多线程,,,,多线程,多线程
mutual information,相互資訊,互信息,相互資訊,,相互資訊,互信息,互信息
My Document,我的文件,我的文档,,,,,
Mobile World Congress,世界行動通訊大會,世界移动通信大会,世界流動通訊大會,,,,
Mobile content management,行動內容管理,移动内容管理,,,,,
Mobile application management,行動應用管理,移动应用管理,,,,,
Mobile device management,行動裝置管理,移动设备管理,,,,,
namespace,命名空間,名字空间,命名空間,,命名空間,名字空间,名字空间
native,原生的,本地的,原生,,原生,,
narrowband,窄頻,窄带,,,,,
navigation bar,導覽列,导航条,,,,,
nest,巢狀,嵌套,,,,,
Net disk,網路硬碟,网盘,網路硬碟,,網路硬碟,,
Netbook,小筆電,上网本,NetBook,,,,
Netizen,網友,网民,網民,,,,
Netscape Navigator,網景領航員,网景导航者,,,,,
Network,網路,网络,網絡,,,,
network card,,网卡,,,,网卡,网卡
network database,網狀式資料庫,网状数据库,網絡數據庫,,,,
Network Neighbourhood,網路上的芳鄰,网上邻居,,,,,
Network operator,網路業者,网络运营商,網絡營辦商,,,,
NVIDIA,輝達,英伟达,,,,,
normalization,規格化,规范化,規範化,,,,
Norton Ghost,諾頓魅影系統,诺顿克隆精灵,,,,,
null list,空串列,空列表,,,,,
null string,空字串,空串,,,,,
object,物件,对象,物件,,物件,,
object code,目的碼,目标代码,目標碼,,,,
object file,目的檔,目标文件,目標文件,,,目标文件,目标文件
Object-oriented,物件導向,面向对象,,,,,
Object-oriented programming,物件導向程式設計,面向对象编程,,,,,
octree,八元樹,八叉树,八叉樹,,,,
Office Shortcut Bar,快捷列,快捷工具栏,,,,,
offline,離線,,離線,,離線,,
ones\,一補數,,一補碼,反码,一補碼,,
online,連線,在线,連線,,連線,,
online hard drive,網路硬碟,网络硬盘,網絡硬碟,,,,
online shopping,網路購物,网络购物,網絡購物,,,,
online video,網路影片,在线视频,線上影片,,,,
On-Line Transaction Processing,線上異動處理,联机交易处理,,,,,
On-Line Analytical Processing,連線分析處理,联机分析处理,,,,,
open,開啟,开启,,,,,
Open Handset Alliance,開放手機聯盟,开放手持设备联盟,,,,,
Open Mobile Alliance,開放行動聯盟,开放移动联盟,流動通訊開放制式聯盟,,,,
operand,運算元,操作数,,,,,
operating system,作業系統,操作系统,,,,,
operation object,運算物件,操作对象,,,,,
operator,運算符號,运算符号,運算子,,運算子,运算符,运算符
optimal,最佳,,最佳,,最佳,,
optimization,最佳化,优化,,,,,
Optical Network Terminals,光纖網路終端,光网络终端,,,,,
outport,匯出,导出,,,,,
overflow,溢位,溢出,,,,溢出,溢出
overload,多載,重载,,,,重载,重载
override,覆寫,改写,,,,,
package,,包,,,,包,包
package management system,軟體套件管理系統,软件包管理系统,軟件套件管理系統,,,,
packet switch,封包交換,分组交换,,,,,
page view,瀏覽量,访问量,,,,,
paint,,画图,,,,画图,画图
palette,調色盤,调色板,,,,,
paradigm,範式,范型,,,,,
parallel,並列,并行,,,,,
parallel computing,平行計算,并行计算,,,,,
parallel port,並列埠,并行端口,並列埠,,並列埠,,
parameter list,參數列,参数表,,,,,
parent class,父類別,父类,,,,,
parser,剖析器,分析器,,,,,
partition,分割區,分区,分區,,,,
paste,貼上,粘贴,,,,,
Password Authentication Protocol,通行碼鑑別協定,密码认证协议,,,,,
patch,修補程式,补丁,,,,,
Peer-to-Peer,對等,点对点,,,,,
performance,效能,性能,,,,,
permission,,权限,,,,权限,权限
persistence,永續性,持久性,,,,,
Personal Area Network,個人區域網路,个人网,,,,,
personal digital assistant,個人數位助理,个人数码助理,個人數碼助理,,,,
Petabyte,拍位元組,拍字节,,,,,
photo,相片,照片,,,,,
photocopy,影印,复印,,,,,
physical layer,實體層,物理层,,,,,
physical address,實體位址,物理地址,,,,,
physical memory,實體記憶體,物理内存,,,,,
picture viewer,圖片檢視器,图像检视器,圖片檢視器,,圖片檢視器,,
pipeline,管線,流水线,管線,,管線,,
pipelining,管線,流水线,管線化,,管線化,,
pixel,,像素,像素,,像素,像素,像素
placeholder,預留位置,占位符,,,,,
Plug and Play,隨插即用,即插即用,,,,,
plug-in,外掛程式,插件,,,,插件,插件
podcast,Podcast,播客,,,,,
point and click,,点击,點擊,,點擊,点击,点击
pointer,指標,指针,,,,,
polymorphism,多型,多态,,,,,
Popups,彈出式視窗,弹出窗口,,,,,
port,埠,端口,,,,,
port forwarding,通訊埠轉發,端口转发,,,,,
portable,可攜式,便携式,可攜式,,可攜式,便携式,便携式
portable application,可攜式軟體,绿色软件,可攜式軟件,,可攜式軟件,,
portable edition,可攜式版本,便携版,,,,,
portable hard drive,行動硬碟,移动硬盘,流動硬碟,,,,
Portable Document Format,可攜式文件格式,可移植文档格式,,,,,
portal,入口網站,门户网站,入門網站,,,,
post,貼文,帖子,,,,,
power bank,行動電源,移动电源,流動充電器,,,,
preference,偏好設定,,參數設置,,參數設置,,
preference settings,偏好設定,首选项,參數設置,,,,
prefix,字首,前缀,,,,,
presentation,簡報,演示稿,,,,,
print,列印,打印,,,,,
print preview,預覽列印,打印预览,,,,,
printer,印表機,打印机,,,,,
procedural generation,,过程生成,,,,过程生成,过程生成
procedural programming,程序導向,面向过程,,,,,
process,行程,进程,行程,,行程,进程,进程
process control block,過程控制段,进程控制块,行程控制表,,,,
process group,行程群組,进程组,,,,,
product key,產品金鑰,产品密钥,,,,,
profile,設定檔,配置文件,,,,,
program,程式,程序,,,,,
programmer,程式設計師,程序员,,,,,
programmable,可程式化,可编程,,,,可编程,可编程
programming language,程式語言,编程语言,程式語言,,程式語言,编程语言,编程语言
Programming paradigm,程式設計範式,编程范型,,,,,
project,專案,项目,計劃,,計劃,计划,项目
project page,計畫頁,项目页,,,,,
protocol,協定,协议,協定,,協定,,
prototype-based programming,原型程式設計,基于原型的编程,,,,,
proximity sensor,鄰近感測器,接近传感器,,,,,
Pseudocode,虛擬碼,伪代码,偽代碼,,,,
pattern recognition,圖型識別,模式识别,,,,,
Public land mobile network,公用陸上行動網路,公共陆基移动网,公地流動網路,,,,
pull-down lists,下拉式清單,下拉列表,,,,,
purge,清除快取,清理缓存,清除快取,,清除快取,,
push,推播,推送,,,,,
QR code,,QR码,QR碼,,QR碼,QR码,QR码
queue,佇列,队列,,,,,
quadtree,四元樹,四叉树,四叉樹,,,,
quality,品質,质量,質素,,質素,质量,质量
radio button,無線電鈕,单选按钮,,,,,
random-access memory,隨機存取記憶體,,隨機存取記憶體,,隨機存取記憶體,,
random number,亂數,随机数,,,,,
readme,讀我檔案,自述文件,,,,,
read-only,唯讀,只读,,,,,
read-only memory,唯讀記憶體,只读存储器,,,,,
real mode,真實模式,实模式,真實模式,,真實模式,实模式,实模式
real-time,即時,,即時,,即時,,
reboot,重新啟動,重启,,,,重启,重启
recognition,辨識,识别,,,,,
recover,,恢复,,,,恢复,恢复
recovery disc,還原光碟,恢复光盘,,,,,
recovery record,恢復記錄,恢复记录,修復記錄,,,,
recursion,遞迴,递归,遞歸,,,,
Recycle Bin,資源回收筒,回收站,,,,,
redirect,重新導向,重定向,,,,,
redirect page,重新導向頁面,重定向页,重新導向頁面,,重新導向頁面,,
reference,參照,引用,,,,,
dereference,解除參照,解引用,,,,,
refresh,重新整理,刷新,,,,,
register,暫存器,寄存器,,,,,
registry,登錄檔,注册表,,,,,
regular expression,正規表示式,正则表达式,正則表達式,,,,
regular language,正規語言,正则语言,正則語言,,,正则语言,正则语言
reinstallation,重新安裝,重装,,,,,
relational,,关系,,,,关系,关系
relational database,關聯式資料庫,关系数据库,關聯式數據庫,,,,
release,,发布,,,,发布,发布
remote,遠端,远程,,,,,
remote desktop protocol,遠端桌面協定,远程桌面协议,,,,,
remote procedure call,遠端程序呼叫,远程过程调用,,,,,
removable,抽取式,可移动,,,,,
rename,重新命名,重命名,,,,,
render,彩現,渲染,,,,,
repeating group,重複群,重复组,,,,,
reply,答覆,答复,,,,,
Republic of Gamers,玩家共和國,玩家国度,,,,,
reset,重設,重置,,,,,
resolution,解析度,分辨率,解像度,,,,
response,回應,,,,,,
Rich Internet application,多樣化網際網路應用程式,丰富互联网应用程序,多樣化互聯網應用程式,,,,
routine,常式,例程,,,,,
run,執行,运行,,,,,
running in the background,背景執行,后台运行,,,,,
sample,範例,示例,,,,,
sampling rate,取樣率,采样率,取樣率,,取樣率,采样率,采样率
SanDisk,新帝,闪迪,SanDisk,,,,
save,儲存,,儲存,,儲存,,
scanner,掃描器,扫描仪,,,,,
schedule,排程,调度,,,,,
scheduler,排程器,调度器,,,,,
screen,螢幕,屏幕,熒幕,,,,
screensaver,螢幕保護裝置,屏幕保护程序,熒幕保護裝置,,,,
screenshot,螢幕擷取,截屏,熒幕擷取,,,,
script,指令碼,脚本,指令碼,,指令碼,,
scripting language,手稿語言,脚本语言,手稿語言,,手稿語言,,
scroll,捲動,滚动,,,,,
scroll bar,捲軸,滚动栏,,,,,
scroll box,捲動方塊,滚动框,,,,,
SDK,軟體開發套件,软件开发工具包,軟件開發套件,,,,
search,搜尋,搜索,,,,,
search box,搜尋方塊,搜索框,,,,,
search key,搜尋鍵碼,搜索关键字,,,,,
second normal form,第二正規化,第二范式,,,,,
sector,磁區,扇区,,,,,
Secure Sockets Layer,安全通訊協定,安全套接层,,,,,
security software,安全軟體,安全软件,保安軟件,,保安軟件,安全软件,安全软件
Semantic Web,語意網,语义网,,,,,
semantics,語意,语义,,,,,
semaphore,號誌,信号量,號誌,,號誌,,
send,傳送,发送,,,,,
send SMS,傳簡訊,发短信,傳短訊,,,发短讯,发简讯
sensor,感測器,传感器,,,,,
Serial computing,序列計算,串行计算,,,,,
Serial port,序列埠,串口,,,,,
server,伺服器,服务器,伺服器,,伺服器,,
server message block,伺服器訊息區塊,服务器消息块,,,,,
server-side,伺服器端,服务端,伺服器端,,伺服器端,服务端,服务端
service framework,服務架構,服务框架,,,,,
session,對談,会话,,,,,
Session Identity,交談識別碼,会话标识,,,,,
session ID,交談識別碼,会话标识,,,,,
session hijacking,連線劫持,会话劫持,,,,,
setting,設定,设置,設置,,,,
set-top box,機上盒,机顶盒,機頂盒,,,,
share,共享,共享,共用,,,,
shared folder,共用資料夾,共享文件夹,,,,共享文件夹,共享文件夹
short video,短影音,短视频,短影音,,,,
shortcut,捷徑,快捷方式,,,,,
shortcut key,快速鍵,快捷键,,,,,
Single Link,單連結,单通道,,,,,
signal,訊號,信号,訊號,,訊號,信号,信号
signature,簽章,签名,,,,,
single sign-on,單一登入,单点登录,,,,,
Site Identity Button,網站識別鈕,站点标识按钮,,,,,
sixth normal form,第六規格化,第六范式,,,,,
skin,外觀,,佈景主題,,佈景主題,,
slider,滾軸,滑块,,,,,
smart,智慧型,智能,智能,,,,智慧
smart card,智慧卡,智能卡,智能卡,,,,智慧卡
Smart speaker,智慧型喇叭,智能音箱,智能音箱,,,,
smart television,智慧型電視,智能电视,智能電視,,,,
smartphone,智慧型手機,智能手机,智能手機,,,,
smartwatch,智慧型手錶,智能手表,智能手錶,,,,
SMS,簡訊,短信,短訊,,短訊,短讯,简讯
Snowden,史諾登,斯诺登,斯諾登,,,,
social media,社群媒體,社交媒体,社交媒體,,,,
social network,社群網路,社交网络,社交網絡,,,,
social networking site,社群網站,社交网站,社交網站,,,,
socket,通訊端,套接字,,,,套接字,套接字
sockets layer,通訊層,套接层,,,,,
software,軟體,软件,軟件,,,,
software process,軟體流程,软件过程,軟件流程,,,,
solid archive,結實壓縮,固实压缩,,,,,
Sony Mobile,索尼行動,索尼移动,索尼流動,,,,
Sony Mobile Communications,索尼行動通訊,索尼移动通信,索尼流動通訊,,,,
Sound card,音效卡,声卡,,,,,
source code,原始碼,源代码,原始碼,,原始碼,原始码,原始码
source file,原始檔,源文件,,,,,
spreadsheet,電子試算表,表格,,,,表格,表格
spider solitaire,連環新接龍,蜘蛛纸牌,,,,,
statement,語句,语句,陳述式,,,,
stack,堆疊,堆栈,,,,,
stack frame,堆疊框,堆栈帧,堆疊幀,,堆疊幀,,
stack-oriented,堆疊導向,面向堆栈,,,,,
standard definition,標準畫質,标清,標清,,,,
static typing,靜態型別,静态类型,,,,,
status bar,狀態列,状态栏,,,,,
storage,儲存,存储,儲存,,儲存,,
stored procedure,儲存程序,存储程序,儲存程序,,儲存程序,存储程序,存储程序
stream,串流,流,串流,,串流,流,流
stream cipher,串流加密法,流密码,,,,,
string,字串,字符串,,,,,
strong typing,強型別,强类型,,,,,
submit,,提交,,,,提交,提交
subnet,子網路,子网,子網絡,,,,
subnet mask,子網路遮罩,子网掩码,子網絡遮罩,,,,
subroutine,次常式,子例程,,,,,
suffix,字尾,后缀,,,,,
support,支援,支持,,,,,
Sun Microsystems,昇陽電腦,Sun微系统,太陽電腦,,,,
syntax highlighting,語法突顯,语法高亮,語法突顯,,語法突顯,语法高亮,语法高亮
system (format),格式,,格式,,格式,,
tab,索引標籤,选项卡,,,,,
tail recursion,尾端遞迴,尾部递归,,,,,
target,目標軟體,目标软件,目標軟件,,,,
target user,目標使用者,目标用户,,,,,
task bar,工作列,任务栏,,,,,
task manager,工作管理員,任务管理器,,,,,
task switch,工作切換,任务切换,,,,,
template,模板,模板,模板,,模板,模板,模板
Terabyte,兆位元組,太字节,,,,,
terminator,終端子,终结器,,,,,
ternary linked list,三元連結串列,三叉链表,三元連結串列,,三元連結串列,,
ternary search tree,三元搜尋樹,三叉搜索树,三叉搜尋樹,,三叉搜尋樹,,
ternary tree,三元樹,三叉树,三叉樹,,,,
terrestrial television,無線電視,地面电视,地面電視,,,,
terrestrial broadcasting,無線廣播,地面广播,地面廣播,,,,
text,文字,,文字,,文字,,
textbox,文字方塊,文本框,文本框,,,,
text editor,文字編輯器,文本编辑器,,,,,
text file,文字檔案,文本文件,,,,,
third normal form,第三正規化,第三范式,,,,,
threads,執行緒,线程,線程,,,,
throw,丟擲,抛出,投擲,,,,
thumbnail,縮圖,缩略图,,,,,
timeout,逾時,超时,,,,,
title bar,標題列,标题栏,,,,,
token,權杖,令牌,,,,,
toolbar,工具列,工具栏,,,,,
touch,輕觸,触摸,,,,,
touchscreen,觸控螢幕,触屏,輕觸熒幕,,,,
TouchPad,觸控板,触摸板,,,,,
track,磁軌,磁道,,,,,
traditional (Chinese),,繁体,繁體,,繁體,繁体,繁体
Trinitron,特麗霓虹,特丽珑,,,,,
troubleshooting,疑難排解,疑难解答,,,,,
Turing completeness,圖靈完備,图灵完备,圖靈完備,,圖靈完備,图灵完全,图灵完备
two-dimensional code,二維條碼,二维码,二維條碼,,二維條碼,二维码,二维码
two\,二補數,,二補碼,补码,二補碼,,
type,,类型,,,,类型,类型
type checking,型別檢查,类型检查,,,,,
type system,型別系統,类型系统,,,,,
Ultrabook,超極致筆電,超极本,Ultrabook,,Ultrabook,,
unary function,一元函式,单参函数,,,,,
underflow,,下溢,,,,下溢,下溢
underline,底線,下划线,,,,,
undo,復原,撤销,復原,,復原,,
unified shader model,統一著色器架構,统一渲染架构,,,,,
uninstall,解除安裝,卸载,解除安裝,,解除安裝,,
Universal Serial Bus,通用序列匯流排,通用序列总线,通用序列匯流排,,通用序列匯流排,通用串行总线,通用串行总线
upload,,,上載,,,,
UPS,不斷電系統,电源保护,,,,,
URL shortening,縮網址,缩略网址,,,,,
USB flash drive,隨身碟,U盘,USB手指,,USB手指,U盘,U盘
user,使用者,用户,用戶,,用戶,用户,用户
user group,使用者群組,用户组,用戶組,,用戶組,用户组,用户组
user interface,人機介面,人机界面,用戶介面,,,用户界面,用户界面
user page,使用者頁面,用户页,用戶頁,,,用户页,用户页
userbox,使用者方塊,用户框,用戶框,,,,
username,使用者名稱,用户名,用戶名,,,用户名,用户名
variable,變數,变量,變數,,變數,变量,变量
variable bitrate,變動位元速率,可变码率,動態編碼率,,,,
vector,向量,,向量,,向量,,
vector graphics,向量圖形,矢量图形,,,,,
VGA connector,視訊連接頭,视频接口,影像端子,,,,
video card,顯示卡,显卡,顯示卡,,顯示卡,显卡,显卡
video document,視訊檔案,视频文档,,,,,
video file,視訊檔,视频档,影片檔,,,,
video game,電動遊戲,视频游戏,,,,,
video input,視訊輸入,视频输入,視頻輸入,,,,
video memory,視訊記憶體,显存,影像記憶體,,,,
video output,視訊輸出,视频输出,視頻輸出,,,,
video processor,影像處理器,视频处理器,,,,,
video streaming,影音串流,影音流,,,,,
video track,視訊軌,视频轨,視頻軌,,,,
videotape,錄影帶,录像带,錄影帶,,錄影帶,,
view,檢視,查看,,,,,
virtual community,虛擬社群,虚拟社区,,,,,
virtual function,虛擬函式,虚函数,,,,,
virtual machine,虛擬機器,虚拟机,,,,,
virtual memory,虛擬記憶體,虚拟内存,,,,,
visit,,访问,,,,访问,访问
visual,視覺化,可视化,,,,,
volatile (memory),揮發性,易失性,,,,,
volume,,卷,,,,卷,卷
Logical volume management,邏輯捲軸管理,逻辑卷管理,,,,,
Virtual Private Network,虛擬私人網路,虚拟专用网,,,,,
von Neumann,馮·紐曼,冯·诺伊曼,,,,,
wallpaper,桌布,壁纸,,,,,
watermark,浮水印,水印,,,,,
Watson,華生,沃森,,,,,
weak typing,弱型別,弱类型,,,,,
web animation,網路動畫,网络动画,網絡動畫,,,,
webcache,頁面快取檔,网页快照,,,,,
webcam,網路攝影機,摄像头,網絡攝影機,,,,
webcomics,網路漫畫,网络漫画,網絡漫畫,,,,
Wide Area Network,廣域網路,广域网,,,,,
wildcard character,萬用字元,通配符,,,,,万用字元
window manager,視窗管理員,窗口管理器,,,,,
Western Digital,威騰電子,西部数据,,,,,
wide screen,寬螢幕,宽屏,寬屏幕,,寬屏幕,,
Windows Explorer,檔案總管,资源管理器,,,,,
wizard,精靈,向导,,,,,
word process,文書處理,文字处理,,,,,
word processor,文書處理器,文字处理器,,,,,
workgroup,工作群組,工作组,,,,,
World Wide Web,全球資訊網,万维网,萬維網,,,,
World Wide Web Consortium,全球資訊網協會,万维网联盟,萬維網聯盟,,,,
write-only,唯寫,只写,,,,,
write-only memory,唯寫記憶體,只写存储器,,,,,
write protection,防寫,写保护,,,,,
Wind River,溫瑞爾,风河,,,,,
Xerox,全錄,施乐,施樂,,,,
X window system,X視窗系統,X窗口系统,X Window系統,,,X窗口系统,X窗口系统
Yottabyte,佑位元組,尧字节,,,,,
Zettabyte,皆位元組,泽字节,,,,,
Zuckerberg,祖克柏,扎克伯格,朱克伯格,,,,
3-D film,3D電影,三维电影,,,,,
3D computer,3D電腦,三维计算机,,,,,
3D computer graphics,3D電腦圖形,三维计算机图形,,,,,
dead robot,當機器,当机器,,,,,
contacts,通訊錄,通讯录,,,,,
emoji,繪文字,绘文字,,,,,
equation,方程式,方程式,,,,,
References,參考資料,参考资料,,,,,
China Telecom,中國電信,中国电信,,,,,
Chunghwa Telecom,中華電信,中华电信,,,,,
CAC,中共中央網絡安全和信息化領導小組辦公室,中共中央网络安全和信息化领导小组办公室,,,,,
CNCERT,互聯網應急中心,互联网应急中心,,,,,
CNNIC,互聯網絡信息中心,互联网络信息中心,,,,,
Industry and Information Technology,工業和信息化,工业和信息化,,,,,
"National Administration of Surveying, Mapping and Geoinformation",國家測繪地理信息局,国家测绘地理信息局,,,,,
Hudong Baike,互動百科,互动百科,,,,,
World Internet Conference,世界互聯網大會,世界互联网大会,,,,,
Alibaba Cloud,阿里雲計算,阿里云计算,,,,,
Tencent Cloud,騰訊雲計算,腾讯云计算,,,,,
Baidu Cloud,百度雲計算,百度云计算,,,,,
LeCloud,樂視雲計算,乐视云计算,,,,,
ByteDance,字節跳動,字节跳动,,,,,
Wikimedia Commons,維基共享資源,维基共享资源,,,,,
shareware,共享軟體,共享软件,,,,,
Wikidata,維基數據,维基数据,,,,,
Baidu Video,百度視頻,百度视频,,,,,
Netease Video,網易視頻,网易视频,,,,,
Sina Video,新浪視頻,新浪视频,,,,,
Sohu Video,搜狐視頻,搜狐视频,,,,,
Tencent Video,騰訊視頻,腾讯视频,,,,,
Tik Tok,抖音短視頻,抖音短视频,,,,,
Tudou Video,土豆視頻,土豆视频,,,,,
Vigo Video,火山小視頻,火山小视频,,,,,
Xigua Video,西瓜視頻,西瓜视频,,,,,
Youku Video,優酷視頻,优酷视频,,,,,
Netease Blog,網易博客,网易博客,,,,,
Sina Blog,新浪博客,新浪博客,,,,,
Sohu Blog,搜狐博客,搜狐博客,,,,,
Tencent Blog,騰訊博客,腾讯博客,,,,,
Williamlong,月光博客,月光博客,,,,,
bookstw,博客來,博客来,,,,,
Netease Album,網易相冊,网易相册,,,,,
Baidu Album,百度相冊,百度相册,,,,,
360 Search,360搜索,360搜索,,,,,
Baidu Search,百度搜索,百度搜索,,,,,
Sogou Search,搜狗搜索,搜狗搜索,,,,,
Alibaba.com Ltd.,谷翔信息技術,谷翔信息技术,,,,,
Sumavision,數碼視訊,数码视讯,,,,,
support vector,支持向量,支持向量,,,,,
supporter,支持者,支持者,,,,,
I support,我支持,我支持,,,,,
support me,支持我,支持我,,,,,
support he,支持他,支持他,,,,,
support she,支持她,支持她,,,,,
executable,可執行,可执行,,,,,
executor,執行者,执行者,,,,,
random-access,隨機存取,随机存取,,,,,
analogizer,模擬器,模拟器,,,,,
archives,檔案室,档案室,,,,,
Hong Kong Supplementary Character Set,香港增補字符集,香港增补字符集,,,,,
Macao Supplementary Character Set,澳門增補字符集,澳门增补字符集,,,,,
Macao Information System Character Set,澳門資訊系統字集,澳门资讯系统字集,,,,,
bitcent,比特分,比特分,,,,,
bitcoin,比特幣,比特币,,,,,
BitComet,比特彗星,比特彗星,,,,,
BitSpirit,比特精靈,比特精灵,,,,,
micro-bitcoin,微比特,微比特,,,,,
milli-bitcoin,毫比特,毫比特,,,,,
functional,函數式,函数式,,,,,
Office Suite,辦公室套件,办公室套件,,,,,
rolling update,滾動更新,滚动更新,,,,,
script kiddie,腳本小子,脚本小子,,,,,
tablet computer,平板電腦,平板电脑,,,,,
theme,佈景主題,,,,,,
wubi,五筆字型,五笔字型,,,,,
code list,代碼表,代码表,,,,,
NSB,國家安全局,,,,,,
